Player_id,name,sex,dob,height,weight,sport,venues,gold,silver,bronze,coach,country,Broadcasting_Service
736041664,A_Jesus_Garcia,male,10/17/1969,1.72,64,athletics,Olympic_Aquatics_Stadium,0,0,0,basco,Afghanistan,Hotstart
532037425,A_Lam_Shin,female,9/23/1986,1.68,56,fencing,Riocentro_Pavilion_4,0,0,0,dravid,Albania,espn
435962603,Aaron_Brown,male,5/27/1992,1.98,79,athletics,Olympic_Aquatics_Stadium,0,0,1,disel,Algeria,star_sports
521041435,Aaron_Cook,male,1/2/1991,1.83,80,taekwondo,Carioca_Arena_3,0,0,0,jack,Americanada_sport_Samoa*,canada_sport
33922579,Aaron_Gate,male,11/26/1990,1.81,71,cycling,Olympic_Stadium,0,0,0,mac,Andorra,dd
173071782,Aaron_Royle,male,1/26/1990,1.8,67,triathlon,Olympic_Golf_Course,0,0,0,tom,Angola,youtube
266237702,Aaron_Russell,male,6/4/1993,2.05,98,volleyball,Rio_Olympic_Arena,0,0,1,som,Antigua_and_Barbuda,match_tv
382571888,Aaron_Younger,male,9/25/1991,1.93,100,aquatics,Olympic_Aquatics_Stadium,0,0,0,denver,Argentina,cbc_sport
87689776,Aauri_Lorena_Bokesa,female,12/14/1988,1.8,62,athletics,Olympic_Aquatics_Stadium,0,0,0,jenny,Armenia,sony_6
997877719,Ababel_Yeshaneh,female,7/22/1991,1.65,54,athletics,Olympic_Aquatics_Stadium,0,0,0,don,Aruba,tv3_sport
343694681,Abadi_Hadis,male,11/6/1997,1.7,63,athletics,Olympic_Aquatics_Stadium,0,0,0,basco,Australia,10_bold
591319906,Abbas_Abubakar_Abbas,male,5/17/1996,1.75,66,athletics,Olympic_Aquatics_Stadium,0,0,0,dravid,Austria,Hotstart
258556239,Abbas_Qali,male,10/11/1992,1.5,55,aquatics,Olympic_Aquatics_Stadium,0,0,0,disel,Azerbaijan,espn
376068084,Abbey_D'Agostino,female,5/25/1992,1.61,49,athletics,Olympic_Aquatics_Stadium,0,0,0,jack,Bahamas,star_sports
162792594,Abbey_Weitzeil,female,12/3/1996,1.78,68,aquatics,Olympic_Aquatics_Stadium,1,1,0,mac,Bahrain,canada_sport
521036704,Abbie_Brown,female,4/10/1996,1.76,71,rugby_sevens,Fort_Copacabana,0,0,0,tom,Bangladesh,dd
149397772,Abbos_Rakhmonov,male,7/7/1998,1.61,57,wrestling,Rio_Olympic_Arena,0,0,0,som,Barbados,youtube
256673338,Abbubaker_Mobara,male,2/18/1994,1.75,64,football,Riocentro_Pavilion_4,0,0,0,denver,Belarus,match_tv
337369662,Abby_Erceg,female,11/20/1989,1.75,68,football,Riocentro_Pavilion_4,0,0,0,jenny,Belgium,cbc_sport
334169879,Abd_Elhalim_Mohamed_Abou,male,6/3/1989,2.1,88,volleyball,Rio_Olympic_Arena,0,0,0,don,Belize,sony_7
215053268,Abdalaati_Iguider,male,3/25/1987,1.73,57,athletics,Olympic_Aquatics_Stadium,0,0,0,basco,Bermuda,tv3_sport
763711985,Abdalelah_Haroun,male,1/1/1997,1.85,80,athletics,Olympic_Aquatics_Stadium,0,0,0,dravid,Benin,11_bold
924593601,Abdalla_Targan,male,9/28/1996,1.77,65,athletics,Olympic_Aquatics_Stadium,0,0,0,disel,Bhutan,Hotstart
578032534,Abdel_Aziz_Mehelba,male,12/10/1988,1.76,80,shooting,Rio_Olympic_Velodrome,0,0,0,jack,Bolivia,espn
890222258,Abdelati_El_Guesse,male,2/27/1993,1.9,72,athletics,Olympic_Aquatics_Stadium,0,0,0,mac,Bosnia_and_Herzegovina,star_sports
803161695,Abdelaziz_Merzougui,male,8/30/1991,1.75,67,athletics,Fort_Copacabana,0,0,0,tom,Botswana,canada_sport
189931373,Abdelaziz_Mohamed_Ahmed,male,10/12/1994,1.81,72,aquatics,Olympic_Aquatics_Stadium,0,0,0,som,Brazil,dd
677622742,Abdelghani_Demmou,male,1/29/1989,1.85,75,football,Riocentro_Pavilion_4,0,0,0,denver,British_Virgin_Islands,youtube
349871091,Abdelhafid_Benchabla,male,9/26/1986,1.86,45,boxing,Olympic_Stadium,0,0,0,jenny,Brunei,match_tv
904808208,Abdelhakim_Amokrane,male,5/10/1994,1.86,70,football,Carioca_Arena_1_Youth_Arena,0,0,0,don,Bulgaria,cbc_sport
23564778,Abdelkader_Chadi,male,12/12/1986,1.78,84,boxing,Olympic_Stadium,0,0,0,basco,Burkina_Faso,sony_8
133974151,Abdelkadir_Salhi,male,3/19/1993,1.85,79,football,Carioca_Arena_1,0,0,0,dravid,Burundi,tv3_sport
189886442,Abdelkebir_Ouaddar,male,7/15/1962,1.74,67,equestrian,Olympic_Stadium,0,0,0,disel,Cambodia,12_bold
199516300,Abdelkhalek_Elbanna,male,7/4/1988,1.93,95,rowing,Olympic_BMX_Centre,0,0,0,jack,Cameroon,Hotstart
570342175,Abdellatif_Mohamed_Ahmed_Mohamed,male,12/8/1995,1.76,120,wrestling,Future_Arena,0,0,0,mac,canada_sportada,espn
517007712,Abdelmajid_El_Hissouf,male,9/23/1992,1.7,56,athletics,Fort_Copacabana,0,0,0,tom,Cape_Verde,star_sports
512730813,Abdelmalik_Lahoulou,male,5/7/1992,1.77,72,athletics,Olympic_Aquatics_Stadium,0,0,0,som,Cayman_Islands,canada_sport
934545704,Abdelrahman_Salah_Orabi_Abdelgawwad,male,10/9/1987,1.85,56,boxing,Olympic_Stadium,0,0,0,denver,Central_Africanada_sport_Republic,dd
514096508,Abdelraouf_Benguit,male,4/5/1996,1.7,65,football,Riocentro_Pavilion_6,0,0,0,jenny,Chad,youtube
388896171,Abderrahmane_Benamadi,male,7/3/1985,1.83,90,judo,Lagoa_Stadium,0,0,0,don,Chile,match_tv
285603057,Abderrahmane_Mansouri,male,1/13/1995,1.72,66,cycling,Olympic_Stadium,0,0,0,basco,China,cbc_sport
545134894,Abderrahmane_Meziane,male,3/7/1994,1.68,62,football,Riocentro_Pavilion_6,0,0,0,dravid,Colombia,sony_9
64529046,Abdi_Hakin_Ulad,male,6/14/1991,1.75,57,athletics,Olympic_Aquatics_Stadium,0,0,0,disel,Comoros,tv3_sport
917755766,Abdi_Nageeye,male,3/2/1989,1.65,54,athletics,Olympic_Aquatics_Stadium,0,0,0,jack,Congo,13_bold
184980926,Abdi_Waiss_Mouhyadin,male,7/3/1996,1.6,60,athletics,Olympic_Aquatics_Stadium,0,0,0,mac,Congo_Dem_Rep,Hotstart
702606719,Abdoul_Khadre_Mbaye_Niane,male,8/20/1988,1.9,90,aquatics,Olympic_Aquatics_Stadium,0,0,0,tom,Cook_Islands,espn
259675127,Abdoulkarim_Fawziya,female,3/1/1989,1.8,67,volleyball,Rio_Olympic_Arena,0,0,0,som,Costa_Rica,star_sports
469953606,Abdoullah_Bamoussa,male,6/8/1986,1.2,45,athletics,Olympic_Aquatics_Stadium,0,0,0,denver,Cote_d'Ivoire,canada_sport
962468808,Abdoulrazak_Issoufou_Alfaga,male,12/26/1994,2.07,98,taekwondo,Carioca_Arena_3,0,1,0,jenny,Croatia,dd
958967643,Abdul_Khalili,male,6/7/1992,1.81,71,football,Riocentro_Pavilion_6,0,0,0,don,Cuba,youtube
325809293,Abdul_Omar,male,10/3/1993,2.3,56,boxing,Olympic_Stadium,0,0,0,basco,Cyprus,match_tv
152408417,Abdul_Wahab_Zahiri,male,5/27/1992,1.75,68,athletics,Olympic_Aquatics_Stadium,0,0,0,dravid,Czech_Republic,cbc_sport
262868423,Abdulaziz_Alshatti,male,10/30/1990,2.3,56,fencing,Riocentro_Pavilion_4,0,0,0,disel,Denmark,sony_10
101781750,Abdulkadir_Abdullayev,male,7/17/1988,1.88,56,boxing,Olympic_Stadium,0,0,0,jack,Djibouti,tv3_sport
5763609,Abdullah_Abkar_Mohammed,male,1/1/1997,1.72,73,athletics,Maria_Lenk_Aquatics_Centre,0,0,0,mac,Dominica,14_bold
969824503,Abdullah_Alrashidi,male,8/21/1963,1.83,84,shooting,Rio_Olympic_Velodrome,0,0,1,tom,Dominicanada_sport_Republic,Hotstart
897549624,Abdullah_Hel_Baki,male,8/1/1989,1.77,84,shooting,Rio_Olympic_Velodrome,0,0,0,som,East_Timor_(TimorLeste),espn
153457,Abdullahi_Shehu,male,3/12/1993,1.77,84,football,Riocentro_Pavilion_6,0,0,1,denver,Ecuador,star_sports
803368584,Abdullo_Tangriev,male,3/28/1981,1.77,84,judo,Lagoa_Stadium,0,0,0,jenny,Egypt,canada_sport
937153550,Abdulrahman_Al_Faihan,male,6/24/1986,1.77,84,shooting,Rio_Olympic_Velodrome,0,0,0,don,El_Salvador,dd
746318262,Abdulrashid_Sadulaev,male,5/9/1996,1.77,84,wrestling,Future_Arena,1,0,0,basco,Equatorial_Guinea,youtube
841446548,Abdulrazzaq_Murad,male,6/29/1990,1.86,84,handball,Riocentro_Pavilion_6,0,0,0,dravid,Eritrea,match_tv
884912875,Abeku_Gyekye_Jackson,male,4/12/2000,1.86,84,aquatics,Olympic_Aquatics_Stadium,0,0,0,disel,Estonia,cbc_sport
146197583,Abhinav_Bindra,male,9/28/1982,1.75,84,shooting,Rio_Olympic_Velodrome,0,0,0,jack,Ethiopia,sony_11
884912136,Abigail_Johnston,female,11/16/1989,1.66,84,aquatics,Olympic_Aquatics_Stadium,0,0,0,mac,Fiji,tv3_sport
221052317,Abigel_Joo,female,8/6/1990,1.83,84,judo,Lagoa_Stadium,0,0,0,tom,Finland,15_bold
157637514,Ablaikhan_Zhussupov,male,1/10/1997,1.75,84,boxing,Olympic_Stadium,0,0,0,som,France,Hotstart
78813419,Abraham_Kipchirchir_Rotich,male,9/26/1993,1.83,65,athletics,Maria_Lenk_Aquatics_Centre,0,0,0,denver,Gabon,espn
555457991,Abraham_Naibei_Cheroben,male,10/11/1992,1.76,60,athletics,Maria_Lenk_Aquatics_Centre_Olympic_Aquatics_Stadium,0,0,0,jenny,Gambia,star_sports
877850429,Abraham_Niyonkuru,male,12/26/1989,1.62,52,athletics,Maria_Lenk_Aquatics_Centre_Olympic_Aquatics_Stadium,0,0,0,don,Georgia,canada_sport
369092977,Abrar_Osman,male,1/1/1994,1.68,58,athletics,SambÌ_dromo,0,0,0,basco,Germany,dd
602585498,Abubaker_Haydar_Abdalla,male,8/28/1996,1.8,60,athletics,SambÌ_dromo,0,0,0,dravid,Ghana,youtube
140663745,Achraf_Kharroubi,male,9/25/1990,1.6,60,boxing,Olympic_Stadium,0,0,0,disel,Greece,match_tv
507726155,Adam_Batirov,male,1/13/1985,1.65,71,wrestling,Olympic_Hockey_Centre,0,0,0,jack,Grenada,cbc_sport
60265240,Adam_Cwalina,male,1/26/1985,1.87,81,badminton,Olympic_Stadium,0,0,0,mac,Guam,sony_12
256805041,Adam_Decker,male,2/29/1984,2.03,115,aquatics,Olympic_Aquatics_Stadium,0,0,0,tom,Guatemala,tv3_sport
275689888,Adam_Dixon,male,9/11/1986,1.69,70,hockey,Whitewater_Stadium,0,0,0,som,Guinea,16_bold
136977152,Adam_Froese,male,8/13/1991,1.82,81,hockey,Whitewater_Stadium,0,0,0,denver,GuineaBissau,Hotstart
487206822,Adam_Gemili,male,10/6/1993,1.78,75,athletics,SambÌ_dromo,0,0,0,jenny,Guyana,espn
236523132,Adam_Imer,male,8/18/1989,1.82,88,hockey,Lagoa_Stadium,0,0,0,don,Haiti,star_sports
682367963,Adam_Kszczot,male,9/2/1989,1.78,68,athletics,SambÌ_dromo,0,0,0,basco,Honduras,canada_sport
624366946,Adam_Lundqvist,male,3/20/1994,1.74,70,football,Riocentro_Pavilion_6,0,0,0,dravid,Hong_Kong,dd
394945344,Adam_Marosi,male,7/26/1984,1.81,75,modern_pentathlon,Lagoa_Stadium,0,0,0,disel,Hungary,youtube
970243540,Adam_Okruashvili,male,1/1/1989,1.89,130,judo,Lagoa_Stadium,0,0,0,jack,Iceland,match_tv
765490473,Adam_Pattantyus,male,10/10/1978,1.75,71,table_tennis,Carioca_Arena_3,0,0,0,mac,India,cbc_sport
561951036,Adam_Peaty,male,12/28/1994,1.93,88,aquatics,Olympic_Aquatics_Stadium,1,1,0,tom,Indonesia,sony_13
785166259,Adam_Sebastian_Helcelet,male,10/27/1991,1.9,92,athletics,Olympic_outdoor_Stadium,0,0,0,som,Iran,tv3_sport
846863992,Adam_Telegdy,male,11/1/1995,1.94,77,aquatics,Olympic_Aquatics_Stadium,0,0,0,denver,Iraq,17_bold
983411298,Adam_van_Koeverden,male,1/29/1982,1.82,85,canada_sportoe,Olympic_Stadium,0,0,0,disel,Japan,dd
390173289,Adam_Vella,male,6/12/1971,1.78,92,shooting,Rio_Olympic_Velodrome,0,0,0,jenny,Ireland,Hotstart
266751447,Adam_Viktora,male,9/6/1996,1.88,94,aquatics,Olympic_Aquatics_Stadium,0,0,0,don,Israel,espn
983184686,Adam_Wisniewski,male,10/24/1980,1.93,93,handball,Riocentro_Pavilion_6,0,0,0,basco,Italy,star_sports
184652432,Adam_Yates,male,8/7/1992,1.72,58,cycling,Olympic_Stadium,0,0,0,dravid,Jamaica,canada_sport
685532077,Adama_Diatta,male,8/14/1988,1.65,57,wrestling,Olympic_Hockey_Centre,0,0,0,jack,Jordan,youtube
222063859,Adama_Jammeh,male,6/10/1993,1.65,57,athletics,Olympic_outdoor_Stadium,0,0,0,mac,Kazakhstan,match_tv
46940649,Adas_Juskevicius,male,1/3/1989,1.94,90,basketball,Olympic_Stadium,0,0,0,tom,Kenya,cbc_sport
512592841,Adel_Gholami,male,2/9/1986,1.95,88,volleyball,Rio_Olympic_Arena,0,0,0,som,Korea_North,sony_14
302277635,Adel_Mechaal,male,12/5/1990,1.82,71,athletics,Olympic_outdoor_Stadium,0,0,0,denver,Korea_South,tv3_sport
216864827,Adel_Mojallalimoghadam,male,3/21/1993,1.85,82,canada_sportoe,Olympic_Stadium,0,0,0,jenny,Kuwait,18_bold
153013732,Adela_Bruns,female,2/5/1987,1.71,60,shooting,Olympic_Equestrian_Centre,0,0,0,don,Kyrgyzstan,Hotstart
123916473,Adela_Hanzlickova,female,5/4/1994,1.71,67,wrestling,Carioca_Arena_2,0,0,0,basco,Laos,espn
325622113,Adelina_Bogus,female,9/4/1988,1.86,75,rowing,Olympic_BMX_Centre,0,0,1,dravid,Latvia,star_sports
518639420,Adelina_Pastor,female,5/5/1993,1.68,56,athletics,Olympic_outdoor_Stadium,0,0,0,disel,Lebanon,canada_sport
457663778,Adelinde_Cornelissen,female,7/7/1979,1.68,55,equestrian,Olympic_Stadium,0,0,0,jack,Lesotho,dd
259002430,Adeline_Maria_Gray,female,1/15/1991,1.73,77,wrestling,Carioca_Arena_2,0,0,0,mac,Liberia,youtube
303297765,Adem_Boudjemline,male,2/28/1994,1.8,85,wrestling,Carioca_Arena_2,0,0,0,tom,Libya,match_tv
993710181,Adenizia_da_Silva,female,12/18/1986,1.87,65,volleyball,Rio_Olympic_Arena,0,0,0,som,Liechtenstein,cbc_sport
878847288,Adham_Ahmed_Saleh_Kahk,male,6/27/1993,1.6,66,wrestling,Carioca_Arena_2,0,0,0,denver,Lithuania,sony_15
75289002,Adilbek_Niyazymbetov,male,5/19/1989,1.8,45,boxing,Olympic_Stadium,0,1,0,jenny,Luxembourg,tv3_sport
930618704,Adilson_da_Silva,male,1/24/1972,1.7,79,golf,Riocentro_Pavilion_6,0,0,0,don,Macedonia,19_bold
890593128,Aditi_Ashok,female,3/29/1998,1.73,57,golf,Riocentro_Pavilion_6,0,0,0,basco,Madagascar,Hotstart
456381770,Adlan_Abdurashidov,male,7/31/1990,1.72,66,boxing,Olympic_Stadium,0,0,0,dravid,Malawi,espn
256936407,Adnan_Maric,male,2/17/1997,1.83,78,football,Riocentro_Pavilion_6,0,0,0,disel,Malaysia,star_sports
637015297,Adrian_Andres_Puentes_Perez,male,7/3/1988,1.71,76,archery,Olympic_Aquatics_Stadium,0,0,0,jack,Maldives,canada_sport
787208883,Adrian_Baches,male,4/7/1990,1.84,83,aquatics,Olympic_Aquatics_Stadium,0,0,0,mac,Mali,dd
941631433,Adrian_Blocki,male,4/11/1990,1.74,62,athletics,Olympic_outdoor_Stadium,0,0,0,tom,Malta,youtube
839462979,Adrian_Chacon,male,12/10/1988,1.87,90,athletics,Olympic_outdoor_Stadium,0,0,0,som,Mauritania,match_tv
284555275,Adrian_Crisan,male,5/7/1980,1.86,85,table_tennis,Carioca_Arena_3,0,0,0,denver,Mauritius,cbc_sport
366608701,Adrian_Dziolko,male,2/22/1990,1.89,85,badminton,Olympic_Stadium,0,0,0,jenny,Mexico,sony_16
679510102,Adrian_Eduardo_Goide_Arredondo,male,6/26/1998,1.91,80,volleyball,Rio_Olympic_Arena,0,0,0,don,Micronesia,tv3_sport
242818896,Adrian_Edward_Zielinski,male,3/28/1989,1.7,94,weightlifting,Rio_Olympic_Arena,0,0,0,basco,Moldova,20_bold
400838338,Adrian_Gavira_Collado,male,9/17/1987,1.93,89,volleyball,Rio_Olympic_Arena,0,0,0,dravid,Monaco,Hotstart
557196811,Adrian_Gomboc,male,1/20/1995,1.7,69,judo,Lagoa_Stadium,0,0,0,disel,Mongolia,espn
653186701,Adrian_Griffith,male,11/11/1984,1.78,75,athletics,Olympic_outdoor_Stadium,0,0,0,jack,Morocco,star_sports
217850967,Adrian_Ignacio_Carambula_Raurich,male,3/16/1988,1.82,83,volleyball,Rio_Olympic_Arena,0,0,0,mac,Mozambique,canada_sport
370799805,Adrian_Juhasz,male,11/18/1989,1.88,89,rowing,Mountain_Bike_Centre,0,0,0,tom,Burma,dd
714030791,Adrian_Oquendo,male,2/23/1990,1.89,87,rowing,Mountain_Bike_Centre,0,0,0,som,Namibia,youtube
915726586,Adrian_Portela,male,3/8/1986,1.85,95,handball,Riocentro_Pavilion_6,0,0,0,denver,Nauru,match_tv
80367651,Adriana_Aparecida_da_Silva,female,7/22/1981,1.66,52,athletics,Olympic_outdoor_Stadium,0,0,0,jenny,Nepal,cbc_sport
593328448,Adriana_Araujo,female,11/4/1981,1.67,51,boxing,Olympic_Stadium,0,0,0,don,Netherlands,sony_17
770039735,Adriana_Diaz,female,10/31/2000,1.6,50,table_tennis,Carioca_Arena_3,0,0,0,basco,Netherlands_Antilles,tv3_sport
228337858,Adriana_Martin,female,4/12/1996,1.62,65,archery,Olympic_Aquatics_Stadium,0,0,0,dravid,New_Zealand,21_bold
529241363,Adriana_Moises,female,12/6/1978,1.7,65,basketball,Olympic_Stadium,0,0,0,disel,Nicaragua,Hotstart
439382128,Adrien_Bart,male,9/4/1991,1.85,84,canada_sportoe,Olympic_Stadium,0,0,0,jack,Niger,espn
326016199,Adrien_Dipanda,male,5/3/1988,2.02,105,handball,Riocentro_Pavilion_6,0,1,0,mac,Nigeria,star_sports
664737236,Adrien_Niyonshuti,male,1/2/1987,1.65,68,cycling,Olympic_Stadium,0,0,0,tom,Norway,canada_sport
447910544,Adrienne_Martelli,female,12/3/1987,1.86,77,rowing,Pontal,0,0,0,som,Oman,dd
835610998,Adzo_Rebecca_Kpossi,female,1/25/1999,1.58,53,aquatics,Maria_Lenk_Aquatics_Centre,0,0,0,denver,Pakistan,youtube
26797739,AeRi_Noort,female,1/10/1983,1.6,49,rowing,Fort_Copacabana,0,0,0,jenny,Palau,match_tv
577601340,Afa_Ismail,female,11/1/1993,1.5,46,athletics,Olympic_outdoor_Stadium,0,0,0,don,Palestine_Occupied_Territories,cbc_sport
16830155,Afaf_Elhodhod,female,10/1/1996,1.63,75,shooting,Olympic_Equestrian_Centre,0,0,0,basco,Panama,sony_18
508610852,Afef_Ben_Ismail,female,3/17/1994,1.73,60,canada_sportoe,Olympic_Stadium,0,0,0,dravid,Papua_New_Guinea,tv3_sport
477738986,Africa_Zamorano_Sanz,female,1/11/1998,1.7,58,aquatics,Maria_Lenk_Aquatics_Centre,0,0,0,disel,Paraguay,22_bold
998446972,Afrodite_Zegers,female,12/2/1991,1.61,58,sailing,Rio_Olympic_Velodrome,0,0,0,jack,Peru,Hotstart
42409524,Agata_Forkasiewicz,female,1/13/1994,1.68,54,athletics,Olympic_outdoor_Stadium,0,0,0,mac,Philippines,espn
28097741,Agatha_Bednarczuk,female,6/22/1983,1.82,70,volleyball,Rio_Olympic_Arena,0,1,0,tom,Poland,star_sports
23462736,Ageze_Guadie,male,9/11/1989,1.75,56,athletics,Pontal,0,0,0,som,Portugal,canada_sport
971796358,Aglaia_Pezzato,female,4/22/1994,1.75,60,aquatics,Maria_Lenk_Aquatics_Centre,0,0,0,denver,Puerto_Rico,dd
810258362,Agnes_Osazuwa,female,11/26/1989,1.62,65,athletics,SambÌ_dromo,0,0,0,jenny,Qatar,youtube
107504792,Agnes_Raharolahy,female,11/7/1992,1.67,58,athletics,Pontal,0,0,0,don,Romania,match_tv
320335499,Agnese_Pastare,female,10/27/1988,1.79,68,athletics,Pontal,0,0,0,basco,Russia,cbc_sport
220410298,Agnete_Kirk_Thinggaard,female,5/18/1983,1.72,62,equestrian,Olympic_Stadium,0,0,0,dravid,Rwanda,sony_19
726686017,Agnieszka_Dygacz,female,7/18/1985,1.6,47,athletics,SambÌ_dromo,0,0,0,disel,Saint_Kitts_and_Nevis,tv3_sport
517578131,Agnieszka_Jadwiga_WieszczekKordus,female,3/22/1983,1.75,69,wrestling,Carioca_Arena_2,0,0,0,jack,Saint_Lucia,23_bold
120505360,Agnieszka_Jerzyk,female,1/15/1988,1.7,59,triathlon,Olympic_Golf_Course,0,0,0,mac,Saint_Vincent_and_the_Grenadines,Hotstart
665715516,Agnieszka_Kobus,female,8/28/1990,1.77,68,rowing,Pontal,0,0,1,tom,Samoa,espn
935702937,Agnieszka_Nagay,female,2/20/1981,1.69,61,shooting,Olympic_Equestrian_Centre,0,0,0,som,San_Marino,star_sports
220520929,Agnieszka_Radwanska,female,3/6/1989,1.73,59,tennis,MineirÌ£o_Olympic_Stadium_Fonte_Nova_Arena_AmazÌ«nia_Arena_Corinthians_Arena_ManÌ©_Garrincha_Stadium_MaracanÌ£,0,0,0,denver,Sao_Tome_and_Principe,canada_sport
527420548,Agnieszka_Skrzypulec,female,6/3/1989,1.66,53,sailing,Rio_Olympic_Velodrome,0,0,0,jenny,Saudi_Arabia,dd
983479171,Agnieszka_Szwarnog,female,12/28/1986,1.65,51,athletics,Olympic_outdoor_Stadium,0,0,0,don,Senegal,youtube
638298176,Agustin_Mazzilli,male,6/20/1989,1.73,77,hockey,Lagoa_Stadium,1,0,0,basco,Serbia,match_tv
833236523,Agustin_Vidal,male,7/8/1987,1.94,100,handball,Whitewater_Stadium,0,0,0,dravid,Seychelles,cbc_sport
794585269,Agustina_Albertarrio,female,1/1/1993,1.65,55,hockey,Lagoa_Stadium,0,0,0,disel,Sierra_Leone,sony_20
441542780,Agustina_Habif,female,3/8/1992,1.65,55,hockey,Lagoa_Stadium,0,0,0,jack,Singapore,tv3_sport
213448220,Ahmad_Abughaush,male,2/1/1996,1.78,68,taekwondo,MineirÌ£o_Olympic_Stadium_Fonte_Nova_Arena_AmazÌ«nia_Arena_Corinthians_Arena_ManÌ©_Garrincha_Stadium_MaracanÌ£,1,0,0,mac,Slovakia,24_bold
443237540,Ahmad_Alafasi,male,1/10/1983,,,shooting,Olympic_Equestrian_Centre,0,0,0,tom,Slovenia,Hotstart
942902378,Ahmad_Amsyar_Azman,male,8/28/1992,1.62,62,aquatics,Maria_Lenk_Aquatics_Centre,0,0,0,som,Solomon_Islands,espn
684631479,Ahmad_Hazer,male,9/4/1989,1.88,80,athletics,Olympic_outdoor_Stadium,0,0,0,denver,Somalia,star_sports
67793782,Ahmed_Abdelaal,male,6/8/1989,1.88,89,volleyball,Rio_Olympic_Arena,0,0,0,jenny,South_Africa,canada_sport
935849614,Ahmed_Abdelhay,male,8/19/1984,1.97,87,volleyball,Rio_Olympic_Arena,0,0,0,don,Spain,dd
786273274,Ahmed_Abelrahman,male,5/26/1996,1.65,60,judo,Lagoa_Stadium,0,0,0,basco,Sri_Lanka,youtube
672789779,Ahmed_Afifi,male,3/30/1988,1.94,92,volleyball,Rio_Olympic_Arena,0,0,0,dravid,Sudan,match_tv
873200853,Ahmed_Akram,male,10/20/1996,1.88,80,aquatics,Maria_Lenk_Aquatics_Centre,0,0,0,disel,Suriname,cbc_sport
862822782,Ahmed_Ali,male,11/15/1993,1.22,75,athletics,Olympic_outdoor_Stadium,0,0,0,jack,Swaziland,sony_21
9418987,Ahmed_Attellesey,male,7/30/1995,1.23,56,aquatics,Maria_Lenk_Aquatics_Centre,0,0,0,mac,Sweden,tv3_sport
180751684,Ahmed_Bader_Magour,male,3/3/1996,1.9,90,athletics,Olympic_outdoor_Stadium,0,0,0,tom,Switzerland,25_bold
364294388,Ahmed_Darwish,male,7/2/1981,1.72,80,shooting,Olympic_Equestrian_Centre,0,0,0,som,Syria,Hotstart
23970897,Ahmed_El_Kotb,male,7/23/1991,1.97,80,volleyball,Rio_Olympic_Arena,0,0,0,denver,Taiwan,espn
635571670,Ahmed_Elahmar,male,1/27/1984,1.81,79,handball,Whitewater_Stadium,0,0,0,don,Tanzania,canada_sport
837684987,Ahmed_ElNemr,male,11/21/1978,1.83,84,archery,Olympic_Aquatics_Stadium,0,0,0,jenny,Tajikistan,star_sports
64299896,Ahmed_Gebrel,male,1/22/1991,1.52,77,aquatics,Maria_Lenk_Aquatics_Centre,0,0,0,basco,Thailand,dd
215275770,Ahmed_Goumar,male,2/22/1988,1.8,73,judo,Lagoa_Stadium,0,0,0,dravid,Togo,youtube
663592491,Ahmed_Ibrahim,male,2/25/1992,1.84,80,football,Riocentro_Pavilion_6,0,0,0,disel,Tonga,match_tv
916701520,Ahmed_Kamar,male,9/19/1986,1.75,60,shooting,Olympic_Equestrian_Centre,0,0,0,jack,Trinidad_and_Tobago,cbc_sport
114527133,Ahmed_Mathlouthi,male,12/18/1989,1.9,90,aquatics,Maria_Lenk_Aquatics_Centre,0,0,0,mac,Tunisia,sony_22
205324342,Ahmed_Mohamed,male,4/8/1996,1.7,73,shooting,Carioca_Arena_3,0,0,0,tom,Turkey,tv3_sport
162169475,Ahmed_Mohamed,male,4/27/1988,1.85,144,weightlifting,Rio_Olympic_Arena,0,0,0,som,Turkmenistan,26_bold
739968078,Ahmed_Mohamed_Ibrahim_Saad,male,2/25/1989,1.65,85,wrestling,Carioca_Arena_2,0,0,0,denver,Uganda,Hotstart
575397765,Ahmed_Ragab,male,9/29/1991,1.74,81,sailing,Rio_Olympic_Velodrome,0,0,0,jenny,Ukraine,espn
101574216,Ahmed_Saad,male,11/1/1986,1.6,62,weightlifting,Rio_Olympic_Arena,0,0,0,don,United_Arab_Emirates,star_sports
105465611,Ahmed_Shaban,male,3/8/1979,1.9,95,shooting,Carioca_Arena_3,0,0,0,basco,United_Kingdom,canada_sport
585852107,Ahmet_Li,male,1/12/1991,1.73,67,table_tennis,Carioca_Arena_3,0,0,0,dravid,United_States,dd
696999235,Ahmet_Orken,male,3/12/1993,1.77,69,cycling,Olympic_Stadium,0,0,0,disel,Uruguay,youtube
47988332,Ahreum_Na,female,3/24/1990,1.63,55,cycling,Olympic_Stadium,0,0,0,jack,Uzbekistan,match_tv
138385356,Ahymara_Espinoza,female,5/28/1985,1.8,99,athletics,Olympic_outdoor_Stadium,0,0,0,mac,Vanuatu,cbc_sport
730862558,Ai_Fukuhara,female,11/1/1988,1.56,48,table_tennis,Carioca_Arena_3,0,0,1,tom,Venezuela,sony_23
488478701,Ai_Kondo_Yoshida,female,11/5/1980,1.61,58,sailing,Rio_Olympic_Velodrome,0,0,0,som,Vietnam,tv3_sport
975475720,Ai_Ueda,female,10/26/1983,1.55,44,triathlon,Rio_Olympic_Arena,0,0,0,denver,Virgin_Islands,27_bold
544308054,Ai_Wen_Yu,female,12/27/1995,1.57,52,shooting,Carioca_Arena_3,0,0,0,jenny,Yemen,Hotstart
